{"IdleLeft":{"Frame0":[1.0,201.0,201.0,1.0],"NumFrames":1,"Repeating":true,"SecsPerFrame":2.0},"IdleRight":{"Frame0":[203.0,201.0,403.0,1.0],"NumFrames":1,"Repeating":true,"SecsPerFrame":2.0},"WalkLeft":{"Frame0":[405.0,201.0,605.0,1.0],"Frame1":[607.0,201.0,807.0,1.0],"Frame2":[809.0,201.0,1009.0,1.0],"Frame3":[1011.0,201.0,1211.0,1.0],"NumFrames":4,"Repeating":true,"SecsPerFrame":0.11999999731779099},"WalkRight":{"Frame0":[1213.0,201.0,1413.0,1.0],"Frame1":[1415.0,201.0,1615.0,1.0],"Frame2":[1617.0,201.0,1817.0,1.0],"Frame3":[1819.0,201.0,2019.0,1.0],"NumFrames":4,"Repeating":true,"SecsPerFrame":0.11999999731779099}}